nutrient_id,nutrient_key,nutrient_code,nutrient_name,display_header,unit,value_basis,source_sheet,source_sheet_no,column_index,wide_column
1,1_3_proximates__water,WATER,Water,Water (g),g,per_100g_food,1.3 Proximates,1.3,8,1_3_proximates__water__water
2,1_3_proximates__totnit,TOTNIT,Total nitrogen,Total nitrogen (g),g,per_100g_food,1.3 Proximates,1.3,9,1_3_proximates__totnit__total_nitrogen
3,1_3_proximates__prot,PROT,Protein,Protein (g),g,per_100g_food,1.3 Proximates,1.3,10,1_3_proximates__prot__protein
4,1_3_proximates__fat,FAT,Fat,Fat (g),g,per_100g_food,1.3 Proximates,1.3,11,1_3_proximates__fat__fat
5,1_3_proximates__cho,CHO,Carbohydrate,Carbohydrate (g),g,per_100g_food,1.3 Proximates,1.3,12,1_3_proximates__cho__carbohydrate
6,1_3_proximates__kcals,KCALS,kcal,Energy (kcal) (kcal),kcal,per_100g_food,1.3 Proximates,1.3,13,1_3_proximates__kcals__kcal
7,1_3_proximates__kj,KJ,kJ,Energy (kJ) (kJ),kJ,per_100g_food,1.3 Proximates,1.3,14,1_3_proximates__kj__kj
8,1_3_proximates__star,STAR,Starch,Starch (g),g,per_100g_food,1.3 Proximates,1.3,15,1_3_proximates__star__starch
9,1_3_proximates__oligo,OLIGO,Oligosaccharide,Oligosaccharide (g),g,per_100g_food,1.3 Proximates,1.3,16,1_3_proximates__oligo__oligosaccharide
10,1_3_proximates__totsug,TOTSUG,Total sugars,Total sugars (g),g,per_100g_food,1.3 Proximates,1.3,17,1_3_proximates__totsug__total_sugars
11,1_3_proximates__gluc,GLUC,Glucose,Glucose (g),g,per_100g_food,1.3 Proximates,1.3,18,1_3_proximates__gluc__glucose
12,1_3_proximates__galact,GALACT,Galactose,Galactose (g),g,per_100g_food,1.3 Proximates,1.3,19,1_3_proximates__galact__galactose
13,1_3_proximates__fruct,FRUCT,Fructose,Fructose (g),g,per_100g_food,1.3 Proximates,1.3,20,1_3_proximates__fruct__fructose
14,1_3_proximates__sucr,SUCR,Sucrose,Sucrose (g),g,per_100g_food,1.3 Proximates,1.3,21,1_3_proximates__sucr__sucrose
15,1_3_proximates__malt,MALT,Maltose,Maltose (g),g,per_100g_food,1.3 Proximates,1.3,22,1_3_proximates__malt__maltose
16,1_3_proximates__lact,LACT,Lactose,Lactose (g),g,per_100g_food,1.3 Proximates,1.3,23,1_3_proximates__lact__lactose
17,1_3_proximates__alco,ALCO,Alcohol,Alcohol (g),g,per_100g_food,1.3 Proximates,1.3,24,1_3_proximates__alco__alcohol
18,1_3_proximates__engfib,ENGFIB,Non-starch polysaccharide,NSP (g),g,per_100g_food,1.3 Proximates,1.3,25,1_3_proximates__engfib__non_starch_polysaccharide
19,1_3_proximates__aoacfib,AOACFIB,AOAC fibre,AOAC fibre (g),g,per_100g_food,1.3 Proximates,1.3,26,1_3_proximates__aoacfib__aoac_fibre
20,1_3_proximates__satfac,SATFAC,Saturated fatty acids per 100g fatty acids,Satd FA /100g FA (g),g,per_100g_fatty_acids,1.3 Proximates,1.3,27,1_3_proximates__satfac__saturated_fatty_acids_per_100g_fatty_acids
21,1_3_proximates__satfod,SATFOD,Saturated fatty acids per 100g food,Satd FA /100g fd (g),g,per_100g_food,1.3 Proximates,1.3,28,1_3_proximates__satfod__saturated_fatty_acids_per_100g_food
22,1_3_proximates__totn6pfac,TOTn6PFAC,Total n-6 polyunsaturated fatty acids per 100g fatty acid,n-6 poly /100g FA (g),g,per_100g_fatty_acids,1.3 Proximates,1.3,29,1_3_proximates__totn6pfac__total_n_6_polyunsaturated_fatty_acids_per_100g_f
23,1_3_proximates__totn6pfod,TOTn6PFOD,Total n-6 polyunsaturated fatty acids per 100g food,n-6 poly /100g food (g),g,per_100g_food,1.3 Proximates,1.3,30,1_3_proximates__totn6pfod__total_n_6_polyunsaturated_fatty_acids_per_100g_f
24,1_3_proximates__totn3pfac,TOTn3PFAC,Total n-3 polyunsaturated fatty acids per 100g fatty acid,n-3 poly /100g FA (g),g,per_100g_fatty_acids,1.3 Proximates,1.3,31,1_3_proximates__totn3pfac__total_n_3_polyunsaturated_fatty_acids_per_100g_f
25,1_3_proximates__totn3pfod,TOTn3PFOD,Total n-3 polyunsaturated fatty acids per 100g food,n-3 poly /100g food (g),g,per_100g_food,1.3 Proximates,1.3,32,1_3_proximates__totn3pfod__total_n_3_polyunsaturated_fatty_acids_per_100g_f
26,1_3_proximates__monofacc,MONOFACc,cis-Monounsaturated fatty acids /100g FA,cis-Mono FA /100g FA (g),g,per_100g_fatty_acids,1.3 Proximates,1.3,33,1_3_proximates__monofacc__cis_monounsaturated_fatty_acids_100g_fa
27,1_3_proximates__monofodc,MONOFODc,cis-Monounsaturated fatty acids /100g Food,cis-Mono FA /100g Food (g),g,per_100g_food,1.3 Proximates,1.3,34,1_3_proximates__monofodc__cis_monounsaturated_fatty_acids_100g_food
28,1_3_proximates__monofac,MONOFAC,Monounsaturated fatty acids per 100g fatty acids,Mono FA/ 100g FA (g),g,per_100g_fatty_acids,1.3 Proximates,1.3,35,1_3_proximates__monofac__monounsaturated_fatty_acids_per_100g_fatty_acids
29,1_3_proximates__monofod,MONOFOD,Monounsaturated fatty acids per 100g food,Mono FA /100g food (g),g,per_100g_food,1.3 Proximates,1.3,36,1_3_proximates__monofod__monounsaturated_fatty_acids_per_100g_food
30,1_3_proximates__polyfacc,POLYFACc,cis-Polyunsaturated fatty acids /100g FA,cis-Polyu FA /100g FA (g),g,per_100g_fatty_acids,1.3 Proximates,1.3,37,1_3_proximates__polyfacc__cis_polyunsaturated_fatty_acids_100g_fa
31,1_3_proximates__polyfodc,POLYFODc,cis-Polyunsaturated fatty acids /100g Food,cis-Poly FA /100g Food (g),g,per_100g_food,1.3 Proximates,1.3,38,1_3_proximates__polyfodc__cis_polyunsaturated_fatty_acids_100g_food
32,1_3_proximates__polyfac,POLYFAC,Polyunsaturated fatty acids per 100g fatty acids,Poly FA /100g FA (g),g,per_100g_fatty_acids,1.3 Proximates,1.3,39,1_3_proximates__polyfac__polyunsaturated_fatty_acids_per_100g_fatty_acids
33,1_3_proximates__polyfod,POLYFOD,Polyunsaturated fatty acids per 100g food,Poly FA /100g food (g),g,per_100g_food,1.3 Proximates,1.3,40,1_3_proximates__polyfod__polyunsaturated_fatty_acids_per_100g_food
34,1_3_proximates__satfacx6,SATFACx6,Saturated fatty acids excluding branch per 100 g fatty acid,Sat FA excl Br /100g FA (g),g,per_100g_fatty_acids,1.3 Proximates,1.3,41,1_3_proximates__satfacx6__saturated_fatty_acids_excluding_branch_per_100_g
35,1_3_proximates__satfodx6,SATFODx6,Saturated fatty acids excluding branch per 100 g food,Sat FA excl Br /100g food (g),g,per_100g_food,1.3 Proximates,1.3,42,1_3_proximates__satfodx6__saturated_fatty_acids_excluding_branch_per_100_g
36,1_3_proximates__totbrfac,TOTBRFAC,Total branched chain per 100g fatty acid,Branched chain FA /100g FA (g),g,per_100g_fatty_acids,1.3 Proximates,1.3,43,1_3_proximates__totbrfac__total_branched_chain_per_100g_fatty_acid
37,1_3_proximates__totbrfod,TOTBRFOD,Total branched chain per 100g food,Branched chain FA /100g food (g),g,per_100g_food,1.3 Proximates,1.3,44,1_3_proximates__totbrfod__total_branched_chain_per_100g_food
38,1_3_proximates__factrans,FACTRANS,Total Trans fatty acids per 100g fatty acids,Trans FAs /100g FA (g),g,per_100g_fatty_acids,1.3 Proximates,1.3,45,1_3_proximates__factrans__total_trans_fatty_acids_per_100g_fatty_acids
39,1_3_proximates__fodtrans,FODTRANS,Total Trans fatty acids per 100g food,Trans FAs /100g food (g),g,per_100g_food,1.3 Proximates,1.3,46,1_3_proximates__fodtrans__total_trans_fatty_acids_per_100g_food
40,1_3_proximates__chol,CHOL,Cholesterol,Cholesterol (mg),mg,per_100g_food,1.3 Proximates,1.3,47,1_3_proximates__chol__cholesterol
41,1_4_inorganics__na,NA,Sodium,Sodium (mg),mg,per_100g_food,1.4 Inorganics,1.4,8,1_4_inorganics__na__sodium
42,1_4_inorganics__k,K,Potassium,Potassium (mg),mg,per_100g_food,1.4 Inorganics,1.4,9,1_4_inorganics__k__potassium
43,1_4_inorganics__ca,CA,Calcium,Calcium (mg),mg,per_100g_food,1.4 Inorganics,1.4,10,1_4_inorganics__ca__calcium
44,1_4_inorganics__mg,MG,Magnesium,Magnesium (mg),mg,per_100g_food,1.4 Inorganics,1.4,11,1_4_inorganics__mg__magnesium
45,1_4_inorganics__p,P,Phosphorus,Phosphorus (mg),mg,per_100g_food,1.4 Inorganics,1.4,12,1_4_inorganics__p__phosphorus
46,1_4_inorganics__fe,FE,Iron,Iron (mg),mg,per_100g_food,1.4 Inorganics,1.4,13,1_4_inorganics__fe__iron
47,1_4_inorganics__cu,CU,Copper,Copper (mg),mg,per_100g_food,1.4 Inorganics,1.4,14,1_4_inorganics__cu__copper
48,1_4_inorganics__zn,ZN,Zinc,Zinc (mg),mg,per_100g_food,1.4 Inorganics,1.4,15,1_4_inorganics__zn__zinc
49,1_4_inorganics__cl,CL,Chloride,Chloride (mg),mg,per_100g_food,1.4 Inorganics,1.4,16,1_4_inorganics__cl__chloride
50,1_4_inorganics__mn,MN,Manganese,Manganese (mg),mg,per_100g_food,1.4 Inorganics,1.4,17,1_4_inorganics__mn__manganese
51,1_4_inorganics__se,SE,Selenium,Selenium (µg),µg,per_100g_food,1.4 Inorganics,1.4,18,1_4_inorganics__se__selenium
52,1_4_inorganics__i,I,Iodine,Iodine (µg),µg,per_100g_food,1.4 Inorganics,1.4,19,1_4_inorganics__i__iodine
53,1_5_vitamins__ret,RET,Retinol,Retinol (µg),µg,per_100g_food,1.5 Vitamins,1.5,8,1_5_vitamins__ret__retinol
54,1_5_vitamins__carequ,CAREQU,Carotene,Carotene (µg),µg,per_100g_food,1.5 Vitamins,1.5,9,1_5_vitamins__carequ__carotene
55,1_5_vitamins__retequ,RETEQU,Total retinol equivalent,Retinol Equivalent (µg),µg,per_100g_food,1.5 Vitamins,1.5,10,1_5_vitamins__retequ__total_retinol_equivalent
56,1_5_vitamins__vitd,VITD,Total Vitamin D,Vitamin D (µg),µg,per_100g_food,1.5 Vitamins,1.5,11,1_5_vitamins__vitd__total_vitamin_d
57,1_5_vitamins__vite,VITE,Total Vitamin E,Vitamin E (mg),mg,per_100g_food,1.5 Vitamins,1.5,12,1_5_vitamins__vite__total_vitamin_e
58,1_5_vitamins__vitk1,VITK1,Phylloquinone,Vitamin K1 (µg),µg,per_100g_food,1.5 Vitamins,1.5,13,1_5_vitamins__vitk1__phylloquinone
59,1_5_vitamins__thia,THIA,Thiamin,Thiamin (mg),mg,per_100g_food,1.5 Vitamins,1.5,14,1_5_vitamins__thia__thiamin
60,1_5_vitamins__ribo,RIBO,Riboflavin,Riboflavin (mg),mg,per_100g_food,1.5 Vitamins,1.5,15,1_5_vitamins__ribo__riboflavin
61,1_5_vitamins__niac,NIAC,Niacin,Niacin (mg),mg,per_100g_food,1.5 Vitamins,1.5,16,1_5_vitamins__niac__niacin
62,1_5_vitamins__tryp60,TRYP60,Tryptophan divided by 60,Tryptophan/60 (mg),mg,per_100g_food,1.5 Vitamins,1.5,17,1_5_vitamins__tryp60__tryptophan_divided_by_60
63,1_5_vitamins__niacequ,NIACEQU,Niacin equivalent,Niacin equivalent (mg),mg,per_100g_food,1.5 Vitamins,1.5,18,1_5_vitamins__niacequ__niacin_equivalent
64,1_5_vitamins__vitb6,VITB6,Vitamin B6,Vitamin B6 (mg),mg,per_100g_food,1.5 Vitamins,1.5,19,1_5_vitamins__vitb6__vitamin_b6
65,1_5_vitamins__vitb12,VITB12,Vitamin B12,Vitamin B12 (µg),µg,per_100g_food,1.5 Vitamins,1.5,20,1_5_vitamins__vitb12__vitamin_b12
66,1_5_vitamins__folt,FOLT,Folate,Folate (µg),µg,per_100g_food,1.5 Vitamins,1.5,21,1_5_vitamins__folt__folate
67,1_5_vitamins__panto,PANTO,Pantothenate,Pantothenate (mg),mg,per_100g_food,1.5 Vitamins,1.5,22,1_5_vitamins__panto__pantothenate
68,1_5_vitamins__biot,BIOT,Biotin,Biotin (µg),µg,per_100g_food,1.5 Vitamins,1.5,23,1_5_vitamins__biot__biotin
69,1_5_vitamins__vitc,VITC,Vitamin C,Vitamin C (mg),mg,per_100g_food,1.5 Vitamins,1.5,24,1_5_vitamins__vitc__vitamin_c
70,1_6_vitamin_fractions__altret,ALTRET,All-trans-retinol,All-trans-retinol (µg),µg,per_100g_food,1.6 Vitamin Fractions,1.6,8,1_6_vitamin_fractions__altret__all_trans_retinol
71,1_6_vitamin_fractions__13cisret,13CISRET,13-cis-retinol,13-cis-retinol (µg),µg,per_100g_food,1.6 Vitamin Fractions,1.6,9,1_6_vitamin_fractions__13cisret__13_cis_retinol
72,1_6_vitamin_fractions__dehyret,DEHYRET,Dehydroretinol,Dehydroretinol (µg),µg,per_100g_food,1.6 Vitamin Fractions,1.6,10,1_6_vitamin_fractions__dehyret__dehydroretinol
73,1_6_vitamin_fractions__retald,RETALD,Retinaldehyde,Retinaldehyde (µg),µg,per_100g_food,1.6 Vitamin Fractions,1.6,11,1_6_vitamin_fractions__retald__retinaldehyde
74,1_6_vitamin_fractions__acar,ACAR,Alpha-carotene,Alpha-carotene (µg),µg,per_100g_food,1.6 Vitamin Fractions,1.6,12,1_6_vitamin_fractions__acar__alpha_carotene
75,1_6_vitamin_fractions__bcar,BCAR,Beta-carotene,Beta-carotene (µg),µg,per_100g_food,1.6 Vitamin Fractions,1.6,13,1_6_vitamin_fractions__bcar__beta_carotene
76,1_6_vitamin_fractions__crypt,CRYPT,Cryptoxanthins,Cryptoxanthins (µg),µg,per_100g_food,1.6 Vitamin Fractions,1.6,14,1_6_vitamin_fractions__crypt__cryptoxanthins
77,1_6_vitamin_fractions__lut,LUT,Lutein,Lutein (µg),µg,per_100g_food,1.6 Vitamin Fractions,1.6,15,1_6_vitamin_fractions__lut__lutein
78,1_6_vitamin_fractions__lyco,LYCO,Lycopene,Lycopene (µg),µg,per_100g_food,1.6 Vitamin Fractions,1.6,16,1_6_vitamin_fractions__lyco__lycopene
79,1_6_vitamin_fractions__25ohd3,25OHD3,25-hydroxy vitamin D3,25-hydroxy vitamin D3 (µg),µg,per_100g_food,1.6 Vitamin Fractions,1.6,17,1_6_vitamin_fractions__25ohd3__25_hydroxy_vitamin_d3
80,1_6_vitamin_fractions__vitd3,VITD3,Cholecalciferol,Cholecalciferol (µg),µg,per_100g_food,1.6 Vitamin Fractions,1.6,18,1_6_vitamin_fractions__vitd3__cholecalciferol
81,1_6_vitamin_fractions__5methf,5METHF,5-methyl folate,5-mehtyl folate (µg),µg,per_100g_food,1.6 Vitamin Fractions,1.6,19,1_6_vitamin_fractions__5methf__5_methyl_folate
82,1_6_vitamin_fractions__atoph,ATOPH,Alpha-tocopherol,Alpha-tocopherol (mg),mg,per_100g_food,1.6 Vitamin Fractions,1.6,20,1_6_vitamin_fractions__atoph__alpha_tocopherol
83,1_6_vitamin_fractions__btoph,BTOPH,Beta-tocopherol,Beta-tocopherol (mg),mg,per_100g_food,1.6 Vitamin Fractions,1.6,21,1_6_vitamin_fractions__btoph__beta_tocopherol
84,1_6_vitamin_fractions__dtoph,DTOPH,Delta-tocopherol,Delta-tocopherol (mg),mg,per_100g_food,1.6 Vitamin Fractions,1.6,22,1_6_vitamin_fractions__dtoph__delta_tocopherol
85,1_6_vitamin_fractions__gtoph,GTOPH,Gamma-tocopherol,Gamma-tocopherol (mg),mg,per_100g_food,1.6 Vitamin Fractions,1.6,23,1_6_vitamin_fractions__gtoph__gamma_tocopherol
86,1_6_vitamin_fractions__atotr,ATOTR,Alpha-tocotrienol,Alpha-tocotrienol (mg),mg,per_100g_food,1.6 Vitamin Fractions,1.6,24,1_6_vitamin_fractions__atotr__alpha_tocotrienol
87,1_6_vitamin_fractions__gtotr,GTOTR,Gamma-tocotrienol,Gamma-tocotrienol (mg),mg,per_100g_food,1.6 Vitamin Fractions,1.6,25,1_6_vitamin_fractions__gtotr__gamma_tocotrienol
88,1_7_sfa_per_100gfa__fac4_0,FAC4:0,Butanoic acid per 100g fatty acids,C4:0 /100g FA (g),g,per_100g_fatty_acids,1.7 (SFA per 100gFA),1.7,8,1_7_sfa_per_100gfa__fac4_0__butanoic_acid_per_100g_fatty_acids
89,1_7_sfa_per_100gfa__fac6_0,FAC6:0,Hexanoic acid per 100g fatty acids,C6:0 /100g FA (g),g,per_100g_fatty_acids,1.7 (SFA per 100gFA),1.7,9,1_7_sfa_per_100gfa__fac6_0__hexanoic_acid_per_100g_fatty_acids
90,1_7_sfa_per_100gfa__fac8_0,FAC8:0,Octanoic acid per 100g fatty acids,C8:0 /100g FA (g),g,per_100g_fatty_acids,1.7 (SFA per 100gFA),1.7,10,1_7_sfa_per_100gfa__fac8_0__octanoic_acid_per_100g_fatty_acids
91,1_7_sfa_per_100gfa__fac10_0,FAC10:0,Decanoic acid per 100g fatty acids,C10:0 /100g FA (g),g,per_100g_fatty_acids,1.7 (SFA per 100gFA),1.7,11,1_7_sfa_per_100gfa__fac10_0__decanoic_acid_per_100g_fatty_acids
92,1_7_sfa_per_100gfa__fac11_0xb,FAC11:0xb,C11:0 ex Br /100g FA (g),C11:0 ex Br /100g FA (g),g,per_100g_fatty_acids,1.7 (SFA per 100gFA),1.7,12,1_7_sfa_per_100gfa__fac11_0xb__c11_0_ex_br_100g_fa_g
93,1_7_sfa_per_100gfa__fac12_0,FAC12:0,Dodecanoic acid per 100g fatty acids,C12:0 /100g FA (g),g,per_100g_fatty_acids,1.7 (SFA per 100gFA),1.7,13,1_7_sfa_per_100gfa__fac12_0__dodecanoic_acid_per_100g_fatty_acids
94,1_7_sfa_per_100gfa__fac12_0xb,FAC12:0xb,ex Br Dodecanoic acid per 100g fatty acids,C12:0 ex Br /100g FA (g),g,per_100g_fatty_acids,1.7 (SFA per 100gFA),1.7,14,1_7_sfa_per_100gfa__fac12_0xb__ex_br_dodecanoic_acid_per_100g_fatty_acids
95,1_7_sfa_per_100gfa__fac13_0,FAC13:0,Tridecanoic acid per 100g fatty acids,C13:0 /100g FA (g),g,per_100g_fatty_acids,1.7 (SFA per 100gFA),1.7,15,1_7_sfa_per_100gfa__fac13_0__tridecanoic_acid_per_100g_fatty_acids
96,1_7_sfa_per_100gfa__fac13_0xb,FAC13:0xb,ex Br Tridecanoic acid per 100g fatty acids,C13:0 ex Br /100g FA (g),g,per_100g_fatty_acids,1.7 (SFA per 100gFA),1.7,16,1_7_sfa_per_100gfa__fac13_0xb__ex_br_tridecanoic_acid_per_100g_fatty_acids
97,1_7_sfa_per_100gfa__fac14_0,FAC14:0,Tetradecanoic acid per 100g fatty acids,C14:0 /100g FA (g),g,per_100g_fatty_acids,1.7 (SFA per 100gFA),1.7,17,1_7_sfa_per_100gfa__fac14_0__tetradecanoic_acid_per_100g_fatty_acids
98,1_7_sfa_per_100gfa__fac14_0xb,FAC14:0xb,ex Br Tetradecanoic acid per 100g fatty acids,C14:0 ex Br /100g FA (g),g,per_100g_fatty_acids,1.7 (SFA per 100gFA),1.7,18,1_7_sfa_per_100gfa__fac14_0xb__ex_br_tetradecanoic_acid_per_100g_fatty_acids
99,1_7_sfa_per_100gfa__fac15_0,FAC15:0,Pentadecanoic acid per 100g fatty acids,C15:0 /100g FA (g),g,per_100g_fatty_acids,1.7 (SFA per 100gFA),1.7,19,1_7_sfa_per_100gfa__fac15_0__pentadecanoic_acid_per_100g_fatty_acids
100,1_7_sfa_per_100gfa__fac15_0xb,FAC15:0xb,ex Br Pentadecanoic acid per 100g fatty acids,C15:0 ex Br /100g FA (g),g,per_100g_fatty_acids,1.7 (SFA per 100gFA),1.7,20,1_7_sfa_per_100gfa__fac15_0xb__ex_br_pentadecanoic_acid_per_100g_fatty_acids
101,1_7_sfa_per_100gfa__fac16_0,FAC16:0,Hexadecanoic acid per 100g fatty acids,C16:0 /100g FA (g),g,per_100g_fatty_acids,1.7 (SFA per 100gFA),1.7,21,1_7_sfa_per_100gfa__fac16_0__hexadecanoic_acid_per_100g_fatty_acids
102,1_7_sfa_per_100gfa__fac16_0xb,FAC16:0xb,ex Br Hexadecanoic acid per 100g fatty acids,C16:0 ex Br /100g FA (g),g,per_100g_fatty_acids,1.7 (SFA per 100gFA),1.7,22,1_7_sfa_per_100gfa__fac16_0xb__ex_br_hexadecanoic_acid_per_100g_fatty_acids
103,1_7_sfa_per_100gfa__fac17_0,FAC17:0,Heptadecanoic acid per 100g fatty acids,C17:0 /100g FA (g),g,per_100g_fatty_acids,1.7 (SFA per 100gFA),1.7,23,1_7_sfa_per_100gfa__fac17_0__heptadecanoic_acid_per_100g_fatty_acids
104,1_7_sfa_per_100gfa__fac17_0xb,FAC17:0xb,ex Br Heptadecanoic acid per 100g fatty acids,C17:0 ex Br /100g FA (g),g,per_100g_fatty_acids,1.7 (SFA per 100gFA),1.7,24,1_7_sfa_per_100gfa__fac17_0xb__ex_br_heptadecanoic_acid_per_100g_fatty_acids
105,1_7_sfa_per_100gfa__fac18_0,FAC18:0,Octadecanoic acid per 100g fatty acids,C18:0 /100g FA (g),g,per_100g_fatty_acids,1.7 (SFA per 100gFA),1.7,25,1_7_sfa_per_100gfa__fac18_0__octadecanoic_acid_per_100g_fatty_acids
106,1_7_sfa_per_100gfa__fac18_0xb,FAC18:0xb,ex Br Octadecanoic acid per 100g fatty acids,C18:0 ex Br /100g FA (g),g,per_100g_fatty_acids,1.7 (SFA per 100gFA),1.7,26,1_7_sfa_per_100gfa__fac18_0xb__ex_br_octadecanoic_acid_per_100g_fatty_acids
107,1_7_sfa_per_100gfa__fac19_0,FAC19:0,Nonadecanoic acid per 100g fatty acids,C19:0 /100g FA (g),g,per_100g_fatty_acids,1.7 (SFA per 100gFA),1.7,27,1_7_sfa_per_100gfa__fac19_0__nonadecanoic_acid_per_100g_fatty_acids
108,1_7_sfa_per_100gfa__fac20_0,FAC20:0,Eicosanoic acid per 100g fatty acids,C20:0 /100g FA (g),g,per_100g_fatty_acids,1.7 (SFA per 100gFA),1.7,28,1_7_sfa_per_100gfa__fac20_0__eicosanoic_acid_per_100g_fatty_acids
109,1_7_sfa_per_100gfa__fac20_0xb,FAC20:0xb,ex Br Eicosanoic acid per 100g fatty acids,C20:0 ex Br /100g FA (g),g,per_100g_fatty_acids,1.7 (SFA per 100gFA),1.7,29,1_7_sfa_per_100gfa__fac20_0xb__ex_br_eicosanoic_acid_per_100g_fatty_acids
110,1_7_sfa_per_100gfa__fac22_0,FAC22:0,Docosanoic acid per 100g fatty acids,C22:0 /100g FA (g),g,per_100g_fatty_acids,1.7 (SFA per 100gFA),1.7,30,1_7_sfa_per_100gfa__fac22_0__docosanoic_acid_per_100g_fatty_acids
111,1_7_sfa_per_100gfa__fac22_0xb,FAC22:0xb,ex Br Docosanoic acid per 100g fatty acids,C22:0 ex Br /100g FA (g),g,per_100g_fatty_acids,1.7 (SFA per 100gFA),1.7,31,1_7_sfa_per_100gfa__fac22_0xb__ex_br_docosanoic_acid_per_100g_fatty_acids
112,1_7_sfa_per_100gfa__fac24_0,FAC24:0,Tetracosanoic acid per 100g fatty acids,C24:0 /100g FA (g),g,per_100g_fatty_acids,1.7 (SFA per 100gFA),1.7,32,1_7_sfa_per_100gfa__fac24_0__tetracosanoic_acid_per_100g_fatty_acids
113,1_7_sfa_per_100gfa__fac24_0xb,FAC24:0xb,ex Br Tetracosanoic acid per 100g fatty acids,C24:0 ex Br /100g FA (g),g,per_100g_fatty_acids,1.7 (SFA per 100gFA),1.7,33,1_7_sfa_per_100gfa__fac24_0xb__ex_br_tetracosanoic_acid_per_100g_fatty_acids
114,1_7_sfa_per_100gfa__fac25_0xb,FAC25:0xb,ex Br Pentacosanoic acid per 100g fatty acids,C25:0 ex Br /100g FA (g),g,per_100g_fatty_acids,1.7 (SFA per 100gFA),1.7,34,1_7_sfa_per_100gfa__fac25_0xb__ex_br_pentacosanoic_acid_per_100g_fatty_acids
115,1_8_sfa_per_100gfood__fod4_0,FOD4:0,Butanoic acid per 100g food,C4:0 /100g food (g),g,per_100g_food,1.8 (SFA per 100gFood),1.8,8,1_8_sfa_per_100gfood__fod4_0__butanoic_acid_per_100g_food
116,1_8_sfa_per_100gfood__fod6_0,FOD6:0,Hexanoic acid per 100g food,C6:0 /100g food (g),g,per_100g_food,1.8 (SFA per 100gFood),1.8,9,1_8_sfa_per_100gfood__fod6_0__hexanoic_acid_per_100g_food
117,1_8_sfa_per_100gfood__fod8_0,FOD8:0,Octanoic acid per 100g food,C8:0 /100g food (g),g,per_100g_food,1.8 (SFA per 100gFood),1.8,10,1_8_sfa_per_100gfood__fod8_0__octanoic_acid_per_100g_food
118,1_8_sfa_per_100gfood__fod10_0,FOD10:0,Decanoic acid per 100g food,C10:0 /100g food (g),g,per_100g_food,1.8 (SFA per 100gFood),1.8,11,1_8_sfa_per_100gfood__fod10_0__decanoic_acid_per_100g_food
119,1_8_sfa_per_100gfood__fod11_0xb,FOD11:0xb,C11:0 ex Br /100g food (g),C11:0 ex Br /100g food (g),g,per_100g_food,1.8 (SFA per 100gFood),1.8,12,1_8_sfa_per_100gfood__fod11_0xb__c11_0_ex_br_100g_food_g
120,1_8_sfa_per_100gfood__fod12_0,FOD12:0,Dodecanoic acid per 100g food,C12:0 /100g food (g),g,per_100g_food,1.8 (SFA per 100gFood),1.8,13,1_8_sfa_per_100gfood__fod12_0__dodecanoic_acid_per_100g_food
121,1_8_sfa_per_100gfood__fod12_0xb,FOD12:0xb,ex Br Dodecanoic acid per 100g food,C12:0 ex Br /100g food (g),g,per_100g_food,1.8 (SFA per 100gFood),1.8,14,1_8_sfa_per_100gfood__fod12_0xb__ex_br_dodecanoic_acid_per_100g_food
122,1_8_sfa_per_100gfood__fod13_0,FOD13:0,Tridecanoic acid per 100g food,C13:0 /100g food (g),g,per_100g_food,1.8 (SFA per 100gFood),1.8,15,1_8_sfa_per_100gfood__fod13_0__tridecanoic_acid_per_100g_food
123,1_8_sfa_per_100gfood__fod13_0xb,FOD13:0xb,ex Br Tridecanoic acid per 100g food,C13:0 ex Br /100g food (g),g,per_100g_food,1.8 (SFA per 100gFood),1.8,16,1_8_sfa_per_100gfood__fod13_0xb__ex_br_tridecanoic_acid_per_100g_food
124,1_8_sfa_per_100gfood__fod14_0,FOD14:0,Tetradecanoic acid per 100g food,C14:0 /100g food (g),g,per_100g_food,1.8 (SFA per 100gFood),1.8,17,1_8_sfa_per_100gfood__fod14_0__tetradecanoic_acid_per_100g_food
125,1_8_sfa_per_100gfood__fod14_0xb,FOD14:0xb,ex Br Tetradecanoic acid per 100g food,C14:0 ex Br /100g food (g),g,per_100g_food,1.8 (SFA per 100gFood),1.8,18,1_8_sfa_per_100gfood__fod14_0xb__ex_br_tetradecanoic_acid_per_100g_food
126,1_8_sfa_per_100gfood__fod15_0,FOD15:0,Pentadecanoic acid per 100g food,C15:0 /100g food (g),g,per_100g_food,1.8 (SFA per 100gFood),1.8,19,1_8_sfa_per_100gfood__fod15_0__pentadecanoic_acid_per_100g_food
127,1_8_sfa_per_100gfood__fod15_0xb,FOD15:0xb,ex Br Pentadecanoic acid per 100g food,C15:0 ex Br /100g food (g),g,per_100g_food,1.8 (SFA per 100gFood),1.8,20,1_8_sfa_per_100gfood__fod15_0xb__ex_br_pentadecanoic_acid_per_100g_food
128,1_8_sfa_per_100gfood__fod16_0,FOD16:0,Hexadecanoic acid per 100g food,C16:0 /100g food (g),g,per_100g_food,1.8 (SFA per 100gFood),1.8,21,1_8_sfa_per_100gfood__fod16_0__hexadecanoic_acid_per_100g_food
129,1_8_sfa_per_100gfood__fod16_0xb,FOD16:0xb,ex Br Hexadecanoic acid per 100g food,C16:0 ex Br /100g food (g),g,per_100g_food,1.8 (SFA per 100gFood),1.8,22,1_8_sfa_per_100gfood__fod16_0xb__ex_br_hexadecanoic_acid_per_100g_food
130,1_8_sfa_per_100gfood__fod17_0,FOD17:0,Heptadecanoic acid per 100g food,C17:0 /100g food (g),g,per_100g_food,1.8 (SFA per 100gFood),1.8,23,1_8_sfa_per_100gfood__fod17_0__heptadecanoic_acid_per_100g_food
131,1_8_sfa_per_100gfood__fod17_0xb,FOD17:0xb,ex Br Heptadecanoic acid per 100g food,C17:0 ex Br /100g food (g),g,per_100g_food,1.8 (SFA per 100gFood),1.8,24,1_8_sfa_per_100gfood__fod17_0xb__ex_br_heptadecanoic_acid_per_100g_food
132,1_8_sfa_per_100gfood__fod18_0,FOD18:0,Octadecanoic acid per 100g food,C18:0 /100g food (g),g,per_100g_food,1.8 (SFA per 100gFood),1.8,25,1_8_sfa_per_100gfood__fod18_0__octadecanoic_acid_per_100g_food
133,1_8_sfa_per_100gfood__fod18_0xb,FOD18:0xb,ex Br Octadecanoic acid per 100g food,C18:0 ex Br /100g food (g),g,per_100g_food,1.8 (SFA per 100gFood),1.8,26,1_8_sfa_per_100gfood__fod18_0xb__ex_br_octadecanoic_acid_per_100g_food
134,1_8_sfa_per_100gfood__fod19_0,FOD19:0,Nonadecanoic acid per 100g food,C19:0 /100g food (g),g,per_100g_food,1.8 (SFA per 100gFood),1.8,27,1_8_sfa_per_100gfood__fod19_0__nonadecanoic_acid_per_100g_food
135,1_8_sfa_per_100gfood__fod20_0,FOD20:0,Eicosanoic acid per 100g food,C20:0 /100g food (g),g,per_100g_food,1.8 (SFA per 100gFood),1.8,28,1_8_sfa_per_100gfood__fod20_0__eicosanoic_acid_per_100g_food
136,1_8_sfa_per_100gfood__fod20_0xb,FOD20:0xb,ex Br Eicosanoic acid per 100g food,C20:0 ex Br /100g food (g),g,per_100g_food,1.8 (SFA per 100gFood),1.8,29,1_8_sfa_per_100gfood__fod20_0xb__ex_br_eicosanoic_acid_per_100g_food
137,1_8_sfa_per_100gfood__fod22_0,FOD22:0,Docosanoic acid per 100g food,C22:0 /100g food (g),g,per_100g_food,1.8 (SFA per 100gFood),1.8,30,1_8_sfa_per_100gfood__fod22_0__docosanoic_acid_per_100g_food
138,1_8_sfa_per_100gfood__fod22_0xb,FOD22:0xb,ex Br Docosanoic acid per 100g food,C22:0 ex Br /100g food (g),g,per_100g_food,1.8 (SFA per 100gFood),1.8,31,1_8_sfa_per_100gfood__fod22_0xb__ex_br_docosanoic_acid_per_100g_food
139,1_8_sfa_per_100gfood__fod24_0,FOD24:0,Tetracosanoic acid per 100g food,C24:0 /100g food (g),g,per_100g_food,1.8 (SFA per 100gFood),1.8,32,1_8_sfa_per_100gfood__fod24_0__tetracosanoic_acid_per_100g_food
140,1_8_sfa_per_100gfood__fod24_0xb,FOD24:0xb,ex Br Tetracosanoic acid per 100g food,C24:0 ex Br /100g food (g),g,per_100g_food,1.8 (SFA per 100gFood),1.8,33,1_8_sfa_per_100gfood__fod24_0xb__ex_br_tetracosanoic_acid_per_100g_food
141,1_8_sfa_per_100gfood__fod25_0xb,FOD25:0xb,ex Br Pentacosanoic acid per 100g food,C25:0 ex Br /100g food (g),g,per_100g_food,1.8 (SFA per 100gFood),1.8,34,1_8_sfa_per_100gfood__fod25_0xb__ex_br_pentacosanoic_acid_per_100g_food
142,1_9_mufa_per_100fa__fac10_1,FAC10:1,Decenoic acid per 100g fatty acids,C10:1 /100g FA (g),g,per_100g_fatty_acids,1.9 (MUFA per 100FA),1.9,8,1_9_mufa_per_100fa__fac10_1__decenoic_acid_per_100g_fatty_acids
143,1_9_mufa_per_100fa__fac10_1c,FAC10:1c,cisDecenoic acid per 100g fatty acids,cis C10:1 /100g FA (g),g,per_100g_fatty_acids,1.9 (MUFA per 100FA),1.9,9,1_9_mufa_per_100fa__fac10_1c__cisdecenoic_acid_per_100g_fatty_acids
144,1_9_mufa_per_100fa__fac12_1,FAC12:1,Dodecenoic acid per 100g fatty acids,C12:1 /100g FA (g),g,per_100g_fatty_acids,1.9 (MUFA per 100FA),1.9,10,1_9_mufa_per_100fa__fac12_1__dodecenoic_acid_per_100g_fatty_acids
145,1_9_mufa_per_100fa__fac12_1c,FAC12:1c,cisDodecenoic acid per 100g fatty acids,cis C12:1 /100g FA (g),g,per_100g_fatty_acids,1.9 (MUFA per 100FA),1.9,11,1_9_mufa_per_100fa__fac12_1c__cisdodecenoic_acid_per_100g_fatty_acids
146,1_9_mufa_per_100fa__fac14_1,FAC14:1,Tetradecenoic acid per 100g fatty acids,C14:1 /100g FA (g),g,per_100g_fatty_acids,1.9 (MUFA per 100FA),1.9,12,1_9_mufa_per_100fa__fac14_1__tetradecenoic_acid_per_100g_fatty_acids
147,1_9_mufa_per_100fa__fac14_1c,FAC14:1c,cisTetradecenoic acid per 100g fatty acids,cis C14:1 /100g FA (g),g,per_100g_fatty_acids,1.9 (MUFA per 100FA),1.9,13,1_9_mufa_per_100fa__fac14_1c__cistetradecenoic_acid_per_100g_fatty_acids
148,1_9_mufa_per_100fa__fac15_1,FAC15:1,Pentadecenoic acid per 100g fatty acids,C15:1 /100g FA (g),g,per_100g_fatty_acids,1.9 (MUFA per 100FA),1.9,14,1_9_mufa_per_100fa__fac15_1__pentadecenoic_acid_per_100g_fatty_acids
149,1_9_mufa_per_100fa__fac15_1c,FAC15:1c,cisPentadecenoic acid per 100g fatty acids,cis C15:1 /100g FA (g),g,per_100g_fatty_acids,1.9 (MUFA per 100FA),1.9,15,1_9_mufa_per_100fa__fac15_1c__cispentadecenoic_acid_per_100g_fatty_acids
150,1_9_mufa_per_100fa__fac16_1,FAC16:1,Hexadecenoic acid per 100g fatty acids,C16:1 /100g FA (g),g,per_100g_fatty_acids,1.9 (MUFA per 100FA),1.9,16,1_9_mufa_per_100fa__fac16_1__hexadecenoic_acid_per_100g_fatty_acids
151,1_9_mufa_per_100fa__fac16_1c,FAC16:1c,cisHexadecenoic acid per 100g fatty acids,cis C16:1 /100g FA (g),g,per_100g_fatty_acids,1.9 (MUFA per 100FA),1.9,17,1_9_mufa_per_100fa__fac16_1c__cishexadecenoic_acid_per_100g_fatty_acids
152,1_9_mufa_per_100fa__fac17_1,FAC17:1,Heptadecenoic acid per 100g fatty acids,C17:1 /100g FA (g),g,per_100g_fatty_acids,1.9 (MUFA per 100FA),1.9,18,1_9_mufa_per_100fa__fac17_1__heptadecenoic_acid_per_100g_fatty_acids
153,1_9_mufa_per_100fa__fac17_1c,FAC17:1c,cisHeptadecenoic acid per 100g fatty acids,cis C17:1 /100g FA (g),g,per_100g_fatty_acids,1.9 (MUFA per 100FA),1.9,19,1_9_mufa_per_100fa__fac17_1c__cisheptadecenoic_acid_per_100g_fatty_acids
154,1_9_mufa_per_100fa__fac18_1,FAC18:1,Octadecenoic acid per 100g fatty acids,C18:1 /100g FA (g),g,per_100g_fatty_acids,1.9 (MUFA per 100FA),1.9,20,1_9_mufa_per_100fa__fac18_1__octadecenoic_acid_per_100g_fatty_acids
155,1_9_mufa_per_100fa__fac18_1c,FAC18:1c,cisOctadecenoic acid per 100g fatty acids,cis C18:1 /100g FA (g),g,per_100g_fatty_acids,1.9 (MUFA per 100FA),1.9,21,1_9_mufa_per_100fa__fac18_1c__cisoctadecenoic_acid_per_100g_fatty_acids
156,1_9_mufa_per_100fa__fac18_1n9,FAC18:1n9,n-9 Octadecenoic acid per 100g fatty acids,cis/trans C18:1n-9 /100g FA (g),g,per_100g_fatty_acids,1.9 (MUFA per 100FA),1.9,22,1_9_mufa_per_100fa__fac18_1n9__n_9_octadecenoic_acid_per_100g_fatty_acids
157,1_9_mufa_per_100fa__fac18_1n7,FAC18:1n7,n-7 Octadecenoic acid per 100g fatty acids,cis/trans C18:1n-7 /100g FA (g),g,per_100g_fatty_acids,1.9 (MUFA per 100FA),1.9,23,1_9_mufa_per_100fa__fac18_1n7__n_7_octadecenoic_acid_per_100g_fatty_acids
158,1_9_mufa_per_100fa__fac20_1,FAC20:1,Eicosenoic acid per 100g fatty acids,C20:1 /100g FA (g),g,per_100g_fatty_acids,1.9 (MUFA per 100FA),1.9,24,1_9_mufa_per_100fa__fac20_1__eicosenoic_acid_per_100g_fatty_acids
159,1_9_mufa_per_100fa__fac20_1c,FAC20:1c,cisEicosenoic acid per 100g fatty acids,cis C20:1 /100g FA (g),g,per_100g_fatty_acids,1.9 (MUFA per 100FA),1.9,25,1_9_mufa_per_100fa__fac20_1c__ciseicosenoic_acid_per_100g_fatty_acids
160,1_9_mufa_per_100fa__fac22_1,FAC22:1,Docosenoic acid per 100g fatty acids,C22:1 /100g FA (g),g,per_100g_fatty_acids,1.9 (MUFA per 100FA),1.9,26,1_9_mufa_per_100fa__fac22_1__docosenoic_acid_per_100g_fatty_acids
161,1_9_mufa_per_100fa__fac22_1c,FAC22:1c,cisDocosenoic acid per 100g fatty acids,cis C22:1 /100g FA (g),g,per_100g_fatty_acids,1.9 (MUFA per 100FA),1.9,27,1_9_mufa_per_100fa__fac22_1c__cisdocosenoic_acid_per_100g_fatty_acids
162,1_9_mufa_per_100fa__fac22_1n11,FAC22:1n11,n-11 Docosenoic acid per 100g fatty acids,cis/trans C22:1n-11 /100g FA (g),g,per_100g_fatty_acids,1.9 (MUFA per 100FA),1.9,28,1_9_mufa_per_100fa__fac22_1n11__n_11_docosenoic_acid_per_100g_fatty_acids
163,1_9_mufa_per_100fa__fac22_1n9,FAC22:1n9,n-9 Docosenoic acid per 100g fatty acids,cis/trans C22:1n-9 /100g FA (g),g,per_100g_fatty_acids,1.9 (MUFA per 100FA),1.9,29,1_9_mufa_per_100fa__fac22_1n9__n_9_docosenoic_acid_per_100g_fatty_acids
164,1_9_mufa_per_100fa__fac24_1,FAC24:1,Tetracosenoic acid per 100g fatty acids,C24:1 /100g FA (g),g,per_100g_fatty_acids,1.9 (MUFA per 100FA),1.9,30,1_9_mufa_per_100fa__fac24_1__tetracosenoic_acid_per_100g_fatty_acids
165,1_9_mufa_per_100fa__fac24_1c,FAC24:1c,cisTetracosenoic acid per 100g fatty acids,cis C24:1 /100g FA (g),g,per_100g_fatty_acids,1.9 (MUFA per 100FA),1.9,31,1_9_mufa_per_100fa__fac24_1c__cistetracosenoic_acid_per_100g_fatty_acids
166,1_9_mufa_per_100fa__monofactr,MONOFACtr,trans monounsaturated fatty acids per 100 FA,trans monounsaturated /100g FA (g),g,per_100g_fatty_acids,1.9 (MUFA per 100FA),1.9,32,1_9_mufa_per_100fa__monofactr__trans_monounsaturated_fatty_acids_per_100_fa
167,1_10_mufa_per_100gfood__fod10_1,FOD10:1,Decenoic acid per 100g food,C10:1 /100g food (g),g,per_100g_food,1.10 (MUFA per 100gFood),1.10,8,1_10_mufa_per_100gfood__fod10_1__decenoic_acid_per_100g_food
168,1_10_mufa_per_100gfood__fod10_1c,FOD10:1c,cis Decenoic acid per 100g food,cis C10:1 /100g food (g),g,per_100g_food,1.10 (MUFA per 100gFood),1.10,9,1_10_mufa_per_100gfood__fod10_1c__cis_decenoic_acid_per_100g_food
169,1_10_mufa_per_100gfood__fod12_1,FOD12:1,Dodecenoic acid per 100g food,C12:1 /100g food (g),g,per_100g_food,1.10 (MUFA per 100gFood),1.10,10,1_10_mufa_per_100gfood__fod12_1__dodecenoic_acid_per_100g_food
170,1_10_mufa_per_100gfood__fod12_1c,FOD12:1c,cis Dodecenoic acid per 100g food,cis C12:1 /100g food (g),g,per_100g_food,1.10 (MUFA per 100gFood),1.10,11,1_10_mufa_per_100gfood__fod12_1c__cis_dodecenoic_acid_per_100g_food
171,1_10_mufa_per_100gfood__fod14_1,FOD14:1,Tetradecenoic acid per 100g food,C14:1 /100g food (g),g,per_100g_food,1.10 (MUFA per 100gFood),1.10,12,1_10_mufa_per_100gfood__fod14_1__tetradecenoic_acid_per_100g_food
172,1_10_mufa_per_100gfood__fod14_1c,FOD14:1c,cis Tetradecenoic acid per 100g food,cis C14:1 /100g food (g),g,per_100g_food,1.10 (MUFA per 100gFood),1.10,13,1_10_mufa_per_100gfood__fod14_1c__cis_tetradecenoic_acid_per_100g_food
173,1_10_mufa_per_100gfood__fod15_1,FOD15:1,Pentadecenoic acid per 100g food,C15:1 /100g food (g),g,per_100g_food,1.10 (MUFA per 100gFood),1.10,14,1_10_mufa_per_100gfood__fod15_1__pentadecenoic_acid_per_100g_food
174,1_10_mufa_per_100gfood__fod15_1c,FOD15:1c,cis Pentadecenoic acid per 100g food,cis C15:1 /100g food (g),g,per_100g_food,1.10 (MUFA per 100gFood),1.10,15,1_10_mufa_per_100gfood__fod15_1c__cis_pentadecenoic_acid_per_100g_food
175,1_10_mufa_per_100gfood__fod16_1,FOD16:1,Hexadecenoic acid per 100g food,C16:1 /100g food (g),g,per_100g_food,1.10 (MUFA per 100gFood),1.10,16,1_10_mufa_per_100gfood__fod16_1__hexadecenoic_acid_per_100g_food
176,1_10_mufa_per_100gfood__fod16_1c,FOD16:1c,cis Hexadecenoic acid per 100g food,cis C16:1 /100g food (g),g,per_100g_food,1.10 (MUFA per 100gFood),1.10,17,1_10_mufa_per_100gfood__fod16_1c__cis_hexadecenoic_acid_per_100g_food
177,1_10_mufa_per_100gfood__fod17_1,FOD17:1,Heptadecenoic acid per 100g food,C17:1 /100g food (g),g,per_100g_food,1.10 (MUFA per 100gFood),1.10,18,1_10_mufa_per_100gfood__fod17_1__heptadecenoic_acid_per_100g_food
178,1_10_mufa_per_100gfood__fod17_1c,FOD17:1c,cis Heptadecenoic acid per 100g food,cis C17:1 /100g food (g),g,per_100g_food,1.10 (MUFA per 100gFood),1.10,19,1_10_mufa_per_100gfood__fod17_1c__cis_heptadecenoic_acid_per_100g_food
179,1_10_mufa_per_100gfood__fod18_1,FOD18:1,Octadecenoic acid per 100g food,C18:1 /100g food (g),g,per_100g_food,1.10 (MUFA per 100gFood),1.10,20,1_10_mufa_per_100gfood__fod18_1__octadecenoic_acid_per_100g_food
180,1_10_mufa_per_100gfood__fod18_1c,FOD18:1c,cis Octadecenoic acid per 100g food,cis C18:1 /100g food (g),g,per_100g_food,1.10 (MUFA per 100gFood),1.10,21,1_10_mufa_per_100gfood__fod18_1c__cis_octadecenoic_acid_per_100g_food
181,1_10_mufa_per_100gfood__fod18_1n9,FOD18:1n9,n-9 Octadecenoic acid per 100g food,cis/trans C18:1n-9 /100g food (g),g,per_100g_food,1.10 (MUFA per 100gFood),1.10,22,1_10_mufa_per_100gfood__fod18_1n9__n_9_octadecenoic_acid_per_100g_food
182,1_10_mufa_per_100gfood__fod18_1n7,FOD18:1n7,n-7 Octadecenoic acid per 100g food,cis/trans C18:1n-7 /100g food (g),g,per_100g_food,1.10 (MUFA per 100gFood),1.10,23,1_10_mufa_per_100gfood__fod18_1n7__n_7_octadecenoic_acid_per_100g_food
183,1_10_mufa_per_100gfood__fod20_1,FOD20:1,Eicosenoic acid per 100g food,C20:1 /100g food (g),g,per_100g_food,1.10 (MUFA per 100gFood),1.10,24,1_10_mufa_per_100gfood__fod20_1__eicosenoic_acid_per_100g_food
184,1_10_mufa_per_100gfood__fod20_1c,FOD20:1c,cis Eicosenoic acid per 100g food,cis C20:1 /100g food (g),g,per_100g_food,1.10 (MUFA per 100gFood),1.10,25,1_10_mufa_per_100gfood__fod20_1c__cis_eicosenoic_acid_per_100g_food
185,1_10_mufa_per_100gfood__fod22_1,FOD22:1,Docosenoic acid per 100g food,C22:1 /100g food (g),g,per_100g_food,1.10 (MUFA per 100gFood),1.10,26,1_10_mufa_per_100gfood__fod22_1__docosenoic_acid_per_100g_food
186,1_10_mufa_per_100gfood__fod22_1c,FOD22:1c,cis Docosenoic acid per 100g food,cis C22:1 /100g food (g),g,per_100g_food,1.10 (MUFA per 100gFood),1.10,27,1_10_mufa_per_100gfood__fod22_1c__cis_docosenoic_acid_per_100g_food
187,1_10_mufa_per_100gfood__fod22_1n11,FOD22:1n11,n-11 Docosenoic acid per 100g food,cis/trans C22:1n-11 /100g food (g),g,per_100g_food,1.10 (MUFA per 100gFood),1.10,28,1_10_mufa_per_100gfood__fod22_1n11__n_11_docosenoic_acid_per_100g_food
188,1_10_mufa_per_100gfood__fod22_1n9,FOD22:1n9,n-9 Docosenoic acid per 100g food,cis/trans C22:1n-9 /100g food (g),g,per_100g_food,1.10 (MUFA per 100gFood),1.10,29,1_10_mufa_per_100gfood__fod22_1n9__n_9_docosenoic_acid_per_100g_food
189,1_10_mufa_per_100gfood__fod24_1,FOD24:1,Tetracosenoic acid per 100g food,C24:1 /100g food (g),g,per_100g_food,1.10 (MUFA per 100gFood),1.10,30,1_10_mufa_per_100gfood__fod24_1__tetracosenoic_acid_per_100g_food
190,1_10_mufa_per_100gfood__fod24_1c,FOD24:1c,cis Tetracosenoic acid per 100g food,cis C24:1 /100g food (g),g,per_100g_food,1.10 (MUFA per 100gFood),1.10,31,1_10_mufa_per_100gfood__fod24_1c__cis_tetracosenoic_acid_per_100g_food
191,1_10_mufa_per_100gfood__monofodtr,MONOFODtr,trans monounsaturated fatty acids per 100g food,trans monounsaturated /100g food (g),g,per_100g_food,1.10 (MUFA per 100gFood),1.10,32,1_10_mufa_per_100gfood__monofodtr__trans_monounsaturated_fatty_acids_per_100g_food
192,1_11_pufa_per_100gfa__fac16_2,FAC16:2,Hexadecadienoic acid per 100g fatty acids,C16:2 /100g FA (g),g,per_100g_fatty_acids,1.11 (PUFA per 100gFA),1.11,8,1_11_pufa_per_100gfa__fac16_2__hexadecadienoic_acid_per_100g_fatty_acids
193,1_11_pufa_per_100gfa__fac16_2c,FAC16:2c,cis Hexadecadienoic acid per 100g fatty acids,cis C16:2 /100g FA (g),g,per_100g_fatty_acids,1.11 (PUFA per 100gFA),1.11,9,1_11_pufa_per_100gfa__fac16_2c__cis_hexadecadienoic_acid_per_100g_fatty_acids
194,1_11_pufa_per_100gfa__fac16_3c,FAC16:3c,cis Hexadecatrienoic acid per 100g fatty acids,cis C16:3 /100g FA (g),g,per_100g_fatty_acids,1.11 (PUFA per 100gFA),1.11,10,1_11_pufa_per_100gfa__fac16_3c__cis_hexadecatrienoic_acid_per_100g_fatty_acids
195,1_11_pufa_per_100gfa__fac16_4,FAC16:4,Hexadecatetraenoic acid per 100g fatty acids,C16:4 /100g FA (g),g,per_100g_fatty_acids,1.11 (PUFA per 100gFA),1.11,11,1_11_pufa_per_100gfa__fac16_4__hexadecatetraenoic_acid_per_100g_fatty_acids
196,1_11_pufa_per_100gfa__fac16_4c,FAC16:4c,cis Hexadecatetraenoic acid per 100g fatty acids,cis C16:4 /100g FA (g),g,per_100g_fatty_acids,1.11 (PUFA per 100gFA),1.11,12,1_11_pufa_per_100gfa__fac16_4c__cis_hexadecatetraenoic_acid_per_100g_fatty_acids
197,1_11_pufa_per_100gfa__fac16_poly,FAC16 poly,unknown C16 polyunsaturated fatty acids per 100g fatty acids,unknown C16 poly /100g FA (g),g,per_100g_fatty_acids,1.11 (PUFA per 100gFA),1.11,13,1_11_pufa_per_100gfa__fac16_poly__unknown_c16_polyunsaturated_fatty_acids_per_100g
198,1_11_pufa_per_100gfa__fac18_2,FAC18:2,Octadecadienoic acid per 100g fatty acids,C18:2 /100g FA (g),g,per_100g_fatty_acids,1.11 (PUFA per 100gFA),1.11,14,1_11_pufa_per_100gfa__fac18_2__octadecadienoic_acid_per_100g_fatty_acids
199,1_11_pufa_per_100gfa__fac18_2cn6,FAC18:2cn6,cis n-6 Octadecadienoic acid per 100g fatty acids,cis n-6 C18:2 /100g FA (g),g,per_100g_fatty_acids,1.11 (PUFA per 100gFA),1.11,15,1_11_pufa_per_100gfa__fac18_2cn6__cis_n_6_octadecadienoic_acid_per_100g_fatty_acid
200,1_11_pufa_per_100gfa__fac18_3,FAC18:3,Octadecatrienoic acid per 100g fatty acids,C18:3 /100g FA (g),g,per_100g_fatty_acids,1.11 (PUFA per 100gFA),1.11,16,1_11_pufa_per_100gfa__fac18_3__octadecatrienoic_acid_per_100g_fatty_acids
201,1_11_pufa_per_100gfa__fac18_3cn3,FAC18:3cn3,cis n-3 Octadecatrienoic acid per 100g fatty acids,cis n-3 C18:3 /100g FA (g),g,per_100g_fatty_acids,1.11 (PUFA per 100gFA),1.11,17,1_11_pufa_per_100gfa__fac18_3cn3__cis_n_3_octadecatrienoic_acid_per_100g_fatty_aci
202,1_11_pufa_per_100gfa__fac18_3cn6,FAC18:3cn6,cis n-6 Octadecatrienoic acid per 100g fatty acids,cis n-6 C18:3 /100g FA (g),g,per_100g_fatty_acids,1.11 (PUFA per 100gFA),1.11,18,1_11_pufa_per_100gfa__fac18_3cn6__cis_n_6_octadecatrienoic_acid_per_100g_fatty_aci
203,1_11_pufa_per_100gfa__fac18_4,FAC18:4,Octadecatetraenoic acid per 100g fatty acids,C18:4 /100g FA (g),g,per_100g_fatty_acids,1.11 (PUFA per 100gFA),1.11,19,1_11_pufa_per_100gfa__fac18_4__octadecatetraenoic_acid_per_100g_fatty_acids
204,1_11_pufa_per_100gfa__fac18_4cn3,FAC18:4cn3,cis n-3 Octadecatetraenoic acid per 100g fatty acids,cis n-3 C18:4 /100g FA (g),g,per_100g_fatty_acids,1.11 (PUFA per 100gFA),1.11,20,1_11_pufa_per_100gfa__fac18_4cn3__cis_n_3_octadecatetraenoic_acid_per_100g_fatty_a
205,1_11_pufa_per_100gfa__fac18_poly,FAC18 poly,unknown C18 polyunsaturated fatty acids per 100 fatty acid,unknown C18 poly /100g FA (g),g,per_100g_fatty_acids,1.11 (PUFA per 100gFA),1.11,21,1_11_pufa_per_100gfa__fac18_poly__unknown_c18_polyunsaturated_fatty_acids_per_100
206,1_11_pufa_per_100gfa__fac20_2,FAC20:2,Eicosadienoic acid per 100g fatty acids,C20:2 /100g FA (g),g,per_100g_fatty_acids,1.11 (PUFA per 100gFA),1.11,22,1_11_pufa_per_100gfa__fac20_2__eicosadienoic_acid_per_100g_fatty_acids
207,1_11_pufa_per_100gfa__fac20_2cn6,FAC20:2cn6,cis n-6 Eicosadienoic acid per 100g fatty acids,cis n-6 C20:2 /100g FA (g),g,per_100g_fatty_acids,1.11 (PUFA per 100gFA),1.11,23,1_11_pufa_per_100gfa__fac20_2cn6__cis_n_6_eicosadienoic_acid_per_100g_fatty_acids
208,1_11_pufa_per_100gfa__fac20_3,FAC20:3,Eicosatrienoic acid per 100g fatty acids,C20:3 /100g FA (g),g,per_100g_fatty_acids,1.11 (PUFA per 100gFA),1.11,24,1_11_pufa_per_100gfa__fac20_3__eicosatrienoic_acid_per_100g_fatty_acids
209,1_11_pufa_per_100gfa__fac20_3cn6,FAC20:3cn6,cis n-6 Eicosatrienoic acid per 100g fatty acids,cis n-6 C20:3 /100g FA (g),g,per_100g_fatty_acids,1.11 (PUFA per 100gFA),1.11,25,1_11_pufa_per_100gfa__fac20_3cn6__cis_n_6_eicosatrienoic_acid_per_100g_fatty_acids
210,1_11_pufa_per_100gfa__fac20_4,FAC20:4,Eicosatetraenoic acid per 100g fatty acids,C20:4 /100g FA (g),g,per_100g_fatty_acids,1.11 (PUFA per 100gFA),1.11,26,1_11_pufa_per_100gfa__fac20_4__eicosatetraenoic_acid_per_100g_fatty_acids
211,1_11_pufa_per_100gfa__fac20_4cn6,FAC20:4cn6,cis n-6 Eicosatetraenoic acid per 100g fatty acids,cis n-6 C20:4 /100g FA (g),g,per_100g_fatty_acids,1.11 (PUFA per 100gFA),1.11,27,1_11_pufa_per_100gfa__fac20_4cn6__cis_n_6_eicosatetraenoic_acid_per_100g_fatty_aci
212,1_11_pufa_per_100gfa__fac20_5,FAC20:5,Eicosapentaenoic acid per 100g fatty acids,C20:5 /100g FA (g),g,per_100g_fatty_acids,1.11 (PUFA per 100gFA),1.11,28,1_11_pufa_per_100gfa__fac20_5__eicosapentaenoic_acid_per_100g_fatty_acids
213,1_11_pufa_per_100gfa__fac20_5cn3,FAC20:5cn3,cis n-3 Eicosapentaenoic acid per 100g fatty acids,cis n-3 C20:5 /100g FA (g),g,per_100g_fatty_acids,1.11 (PUFA per 100gFA),1.11,29,1_11_pufa_per_100gfa__fac20_5cn3__cis_n_3_eicosapentaenoic_acid_per_100g_fatty_aci
214,1_11_pufa_per_100gfa__fac20_poly,FAC20 poly,unknown C20 polyunsaturated fatty acid per 100 fatty acid,unknown C20 poly /100 FA (g),g,per_100g_food,1.11 (PUFA per 100gFA),1.11,30,1_11_pufa_per_100gfa__fac20_poly__unknown_c20_polyunsaturated_fatty_acid_per_100_f
215,1_11_pufa_per_100gfa__fac21_5,FAC21:5,Heneicosapentaenoic acid per 100g fatty acids,C21:5 /100g FA (g),g,per_100g_fatty_acids,1.11 (PUFA per 100gFA),1.11,31,1_11_pufa_per_100gfa__fac21_5__heneicosapentaenoic_acid_per_100g_fatty_acids
216,1_11_pufa_per_100gfa__fac21_5cn3,FAC21:5cn3,cis n-3 Heneicosapentaenoic acid per 100g fatty acids,cis n-3 C21:5 /100g FA (g),g,per_100g_fatty_acids,1.11 (PUFA per 100gFA),1.11,32,1_11_pufa_per_100gfa__fac21_5cn3__cis_n_3_heneicosapentaenoic_acid_per_100g_fatty
217,1_11_pufa_per_100gfa__fac22_2,FAC22:2,Docosadienoic acid per 100g fatty acids,C22:2 /100g FA (g),g,per_100g_fatty_acids,1.11 (PUFA per 100gFA),1.11,33,1_11_pufa_per_100gfa__fac22_2__docosadienoic_acid_per_100g_fatty_acids
218,1_11_pufa_per_100gfa__fac22_2cn6,FAC22:2cn6,cis n-6 Docosadienoic acid per 100g fatty acids,cis n-6 C22:2 /100g FA (g),g,per_100g_fatty_acids,1.11 (PUFA per 100gFA),1.11,34,1_11_pufa_per_100gfa__fac22_2cn6__cis_n_6_docosadienoic_acid_per_100g_fatty_acids
219,1_11_pufa_per_100gfa__fac22_3cn6,FAC22:3cn6,cis n-6,cis n-6 C22:3 /100g FA (g),g,per_100g_fatty_acids,1.11 (PUFA per 100gFA),1.11,35,1_11_pufa_per_100gfa__fac22_3cn6__cis_n_6
220,1_11_pufa_per_100gfa__fac22_4,FAC22:4,Docosatetraenoic acid per 100g fatty acids,C22:4 /100g FA (g),g,per_100g_fatty_acids,1.11 (PUFA per 100gFA),1.11,36,1_11_pufa_per_100gfa__fac22_4__docosatetraenoic_acid_per_100g_fatty_acids
221,1_11_pufa_per_100gfa__fac22_4cn6,FAC22:4cn6,cis n-6 Docosatetraenoic acid per 100g fatty acids,cis n-6 C22:4 /100g FA (g),g,per_100g_fatty_acids,1.11 (PUFA per 100gFA),1.11,37,1_11_pufa_per_100gfa__fac22_4cn6__cis_n_6_docosatetraenoic_acid_per_100g_fatty_aci
222,1_11_pufa_per_100gfa__fac22_5,FAC22:5,Docosapentaenoic acid per 100g fatty acids,C22:5 /100g FA (g),g,per_100g_fatty_acids,1.11 (PUFA per 100gFA),1.11,38,1_11_pufa_per_100gfa__fac22_5__docosapentaenoic_acid_per_100g_fatty_acids
223,1_11_pufa_per_100gfa__fac22_5cn3,FAC22:5cn3,cis n-3 Docosapentaenoic acid per 100g fatty acids,cis n-3 C22:5 /100g FA (g),g,per_100g_fatty_acids,1.11 (PUFA per 100gFA),1.11,39,1_11_pufa_per_100gfa__fac22_5cn3__cis_n_3_docosapentaenoic_acid_per_100g_fatty_aci
224,1_11_pufa_per_100gfa__fac22_6,FAC22:6,Docosahexaenoic acid (DHA) per 100g fatty acids,C22:6 /100g FA (g),g,per_100g_fatty_acids,1.11 (PUFA per 100gFA),1.11,40,1_11_pufa_per_100gfa__fac22_6__docosahexaenoic_acid_dha_per_100g_fatty_acids
225,1_11_pufa_per_100gfa__fac22_6cn3,FAC22:6cn3,cis n-3 Docosahexaenoic acid (DHA) per 100g FA,cis n-3 C22:6 /100g FA (g),g,per_100g_fatty_acids,1.11 (PUFA per 100gFA),1.11,41,1_11_pufa_per_100gfa__fac22_6cn3__cis_n_3_docosahexaenoic_acid_dha_per_100g_fa
226,1_11_pufa_per_100gfa__fac22_poly,FAC22 poly,unknown C22 polyunsaturated fatty acid per 100g fatty acid,unknown C22 poly /100g FA (g),g,per_100g_fatty_acids,1.11 (PUFA per 100gFA),1.11,42,1_11_pufa_per_100gfa__fac22_poly__unknown_c22_polyunsaturated_fatty_acid_per_100g
227,1_11_pufa_per_100gfa__polyfactr,POLYFACtr,trans polyunsatsaturated fatty acid per 100g fatty acid,trans poly /100g FA (g),g,per_100g_fatty_acids,1.11 (PUFA per 100gFA),1.11,43,1_11_pufa_per_100gfa__polyfactr__trans_polyunsatsaturated_fatty_acid_per_100g_fat
228,1_12_pufa_per_100gfood__fod16_2,FOD16:2,Hexadecadienoic acid per 100g food,C16:2 /100g food (g),g,per_100g_food,1.12 (PUFA per 100gFood),1.12,8,1_12_pufa_per_100gfood__fod16_2__hexadecadienoic_acid_per_100g_food
229,1_12_pufa_per_100gfood__fod16_2c,FOD16:2c,cis Hexadecadienoic acid per 100g food,cis C16:2 /100g food (g),g,per_100g_food,1.12 (PUFA per 100gFood),1.12,9,1_12_pufa_per_100gfood__fod16_2c__cis_hexadecadienoic_acid_per_100g_food
230,1_12_pufa_per_100gfood__fod16_3,FOD16:3,Hexadecatrienoic acid per 100g food,C16:3 /100g food (g),g,per_100g_food,1.12 (PUFA per 100gFood),1.12,10,1_12_pufa_per_100gfood__fod16_3__hexadecatrienoic_acid_per_100g_food
231,1_12_pufa_per_100gfood__fod16_4,FOD16:4,Hexadecatetraenoic acid per 100g food,C16:4 /100g food (g),g,per_100g_food,1.12 (PUFA per 100gFood),1.12,11,1_12_pufa_per_100gfood__fod16_4__hexadecatetraenoic_acid_per_100g_food
232,1_12_pufa_per_100gfood__fod16_4c,FOD16:4c,cis Hexadecatetraenoic acid per 100g food,cis C16:4 /100g food (g),g,per_100g_food,1.12 (PUFA per 100gFood),1.12,12,1_12_pufa_per_100gfood__fod16_4c__cis_hexadecatetraenoic_acid_per_100g_food
233,1_12_pufa_per_100gfood__fod16_poly,FOD16 poly,unknown C16 polyunsaturated fatty acids per 100g food,unknown C16 poly /100g food (g),g,per_100g_food,1.12 (PUFA per 100gFood),1.12,13,1_12_pufa_per_100gfood__fod16_poly__unknown_c16_polyunsaturated_fatty_acids_per_100g
234,1_12_pufa_per_100gfood__fod18_2,FOD18:2,Octadecadienoic acid per 100g food,C18:2 /100g food (g),g,per_100g_food,1.12 (PUFA per 100gFood),1.12,14,1_12_pufa_per_100gfood__fod18_2__octadecadienoic_acid_per_100g_food
235,1_12_pufa_per_100gfood__fod18_2cn6,FOD18:2cn6,cis n-6 Octadecadienoic acid per 100g food,cis n-6 C18:2 /100g food (g),g,per_100g_food,1.12 (PUFA per 100gFood),1.12,15,1_12_pufa_per_100gfood__fod18_2cn6__cis_n_6_octadecadienoic_acid_per_100g_food
236,1_12_pufa_per_100gfood__fod18_3,FOD18:3,Octadecatrienoic acid per 100g food,C18:3 /100g food (g),g,per_100g_food,1.12 (PUFA per 100gFood),1.12,16,1_12_pufa_per_100gfood__fod18_3__octadecatrienoic_acid_per_100g_food
237,1_12_pufa_per_100gfood__fod18_3cn3,FOD18:3cn3,cis n-3 Octadecatrienoic acid per 100g food,cis n-3 C18:3 /100g food (g),g,per_100g_food,1.12 (PUFA per 100gFood),1.12,17,1_12_pufa_per_100gfood__fod18_3cn3__cis_n_3_octadecatrienoic_acid_per_100g_food
238,1_12_pufa_per_100gfood__fod18_3cn6,FOD18:3cn6,cis n-6 Octadecatrienoic acid per 100g food,cis n-6 C18:3 /100g food (g),g,per_100g_food,1.12 (PUFA per 100gFood),1.12,18,1_12_pufa_per_100gfood__fod18_3cn6__cis_n_6_octadecatrienoic_acid_per_100g_food
239,1_12_pufa_per_100gfood__fod18_4,FOD18:4,Octadecatetraenoic acid per 100g food,C18:4 /100g food (g),g,per_100g_food,1.12 (PUFA per 100gFood),1.12,19,1_12_pufa_per_100gfood__fod18_4__octadecatetraenoic_acid_per_100g_food
240,1_12_pufa_per_100gfood__fod18_4cn3,FOD18:4cn3,cis n-3 Octadecatetraenoic acid per 100g food,cis n-3 C18:4 /100g food (g),g,per_100g_food,1.12 (PUFA per 100gFood),1.12,20,1_12_pufa_per_100gfood__fod18_4cn3__cis_n_3_octadecatetraenoic_acid_per_100g_food
241,1_12_pufa_per_100gfood__fod18_poly,FOD18 poly,unknown C18 polyunsaturated fatty acid per 100g food,unknown C18 poly /100g food (g),g,per_100g_food,1.12 (PUFA per 100gFood),1.12,21,1_12_pufa_per_100gfood__fod18_poly__unknown_c18_polyunsaturated_fatty_acid_per_100g
242,1_12_pufa_per_100gfood__fod20_2,FOD20:2,Eicosadienoic acid per 100g food,C20:2 /100g food (g),g,per_100g_food,1.12 (PUFA per 100gFood),1.12,22,1_12_pufa_per_100gfood__fod20_2__eicosadienoic_acid_per_100g_food
243,1_12_pufa_per_100gfood__fod20_2cn6,FOD20:2cn6,cis n-6 Eicosadienoic acid per 100g food,cis n-6 C20:2 /100g food (g),g,per_100g_food,1.12 (PUFA per 100gFood),1.12,23,1_12_pufa_per_100gfood__fod20_2cn6__cis_n_6_eicosadienoic_acid_per_100g_food
244,1_12_pufa_per_100gfood__fod20_3,FOD20:3,Eicosatrienoic acid per 100g food,C20:3 /100g food (g),g,per_100g_food,1.12 (PUFA per 100gFood),1.12,24,1_12_pufa_per_100gfood__fod20_3__eicosatrienoic_acid_per_100g_food
245,1_12_pufa_per_100gfood__fod20_3cn6,FOD20:3cn6,cis n-6 Eicosatrienoic acid per 100g food,cis n-6 C20:3 /100g food (g),g,per_100g_food,1.12 (PUFA per 100gFood),1.12,25,1_12_pufa_per_100gfood__fod20_3cn6__cis_n_6_eicosatrienoic_acid_per_100g_food
246,1_12_pufa_per_100gfood__fod20_4,FOD20:4,Eicosatetraenoic acid per 100g food,C20:4 /100g food (g),g,per_100g_food,1.12 (PUFA per 100gFood),1.12,26,1_12_pufa_per_100gfood__fod20_4__eicosatetraenoic_acid_per_100g_food
247,1_12_pufa_per_100gfood__fod20_4cn6,FOD20:4cn6,cis n-6 Eicosatetraenoic acid per 100g food,cis n-6 C20:4 /100g food (g),g,per_100g_food,1.12 (PUFA per 100gFood),1.12,27,1_12_pufa_per_100gfood__fod20_4cn6__cis_n_6_eicosatetraenoic_acid_per_100g_food
248,1_12_pufa_per_100gfood__fod20_5,FOD20:5,Eicosapentaenoic acid per 100g food,C20:5 /100g food (g),g,per_100g_food,1.12 (PUFA per 100gFood),1.12,28,1_12_pufa_per_100gfood__fod20_5__eicosapentaenoic_acid_per_100g_food
249,1_12_pufa_per_100gfood__fod20_5cn3,FOD20:5cn3,cis n-3 Eicosapentaenoic acid per 100g food,cis n-3 C20:5 /100g food (g),g,per_100g_food,1.12 (PUFA per 100gFood),1.12,29,1_12_pufa_per_100gfood__fod20_5cn3__cis_n_3_eicosapentaenoic_acid_per_100g_food
250,1_12_pufa_per_100gfood__fod20_poly,FOD20 poly,unknown C20 polyunsaturated fatty acid per 100g food,unknown C20 poly /100g food (g),g,per_100g_food,1.12 (PUFA per 100gFood),1.12,30,1_12_pufa_per_100gfood__fod20_poly__unknown_c20_polyunsaturated_fatty_acid_per_100g
251,1_12_pufa_per_100gfood__fod21_5,FOD21:5,Heneicosapentaenoic acid per 100g food,C21:5 /100g food (g),g,per_100g_food,1.12 (PUFA per 100gFood),1.12,31,1_12_pufa_per_100gfood__fod21_5__heneicosapentaenoic_acid_per_100g_food
252,1_12_pufa_per_100gfood__fod21_5cn3,FOD21:5cn3,cis n-3 Heneicosapentaenoic acid per 100g food,cis n-3 C21:5 /100g food (g),g,per_100g_food,1.12 (PUFA per 100gFood),1.12,32,1_12_pufa_per_100gfood__fod21_5cn3__cis_n_3_heneicosapentaenoic_acid_per_100g_food
253,1_12_pufa_per_100gfood__fod22_2,FOD22:2,Docosadienoic acid per 100g food,C22:2 /100g food (g),g,per_100g_food,1.12 (PUFA per 100gFood),1.12,33,1_12_pufa_per_100gfood__fod22_2__docosadienoic_acid_per_100g_food
254,1_12_pufa_per_100gfood__fod22_2cn6,FOD22:2cn6,cis n-6 Docosadienoic acid per 100g food,cis n-6 C22:2 /100g food (g),g,per_100g_food,1.12 (PUFA per 100gFood),1.12,34,1_12_pufa_per_100gfood__fod22_2cn6__cis_n_6_docosadienoic_acid_per_100g_food
255,1_12_pufa_per_100gfood__fod22_3cn6,FOD22:3cn6,cis n-6,cis n-6 C22:3 /100g food (g),g,per_100g_food,1.12 (PUFA per 100gFood),1.12,35,1_12_pufa_per_100gfood__fod22_3cn6__cis_n_6
256,1_12_pufa_per_100gfood__fod22_4,FOD22:4,Docosatetraenoic acid per 100g food,C22:4 /100g food (g),g,per_100g_food,1.12 (PUFA per 100gFood),1.12,36,1_12_pufa_per_100gfood__fod22_4__docosatetraenoic_acid_per_100g_food
257,1_12_pufa_per_100gfood__fod22_4cn6,FOD22:4cn6,cis n-6 Docosatetraenoic acid per 100g food,cis n-6 C22:4 /100g food (g),g,per_100g_food,1.12 (PUFA per 100gFood),1.12,37,1_12_pufa_per_100gfood__fod22_4cn6__cis_n_6_docosatetraenoic_acid_per_100g_food
258,1_12_pufa_per_100gfood__fod22_5,FOD22:5,Docosapentaenoic acid per 100g food,C22:5 /100g food (g),g,per_100g_food,1.12 (PUFA per 100gFood),1.12,38,1_12_pufa_per_100gfood__fod22_5__docosapentaenoic_acid_per_100g_food
259,1_12_pufa_per_100gfood__fod22_5cn3,FOD22:5cn3,cis n-3 Docosapentaenoic acid per 100g food,cis n-3 C22:5 /100g food (g),g,per_100g_food,1.12 (PUFA per 100gFood),1.12,39,1_12_pufa_per_100gfood__fod22_5cn3__cis_n_3_docosapentaenoic_acid_per_100g_food
260,1_12_pufa_per_100gfood__fod22_6,FOD22:6,Docosahexaenoic acid (DHA) per 100g food,C22:6 /100g food (g),g,per_100g_food,1.12 (PUFA per 100gFood),1.12,40,1_12_pufa_per_100gfood__fod22_6__docosahexaenoic_acid_dha_per_100g_food
261,1_12_pufa_per_100gfood__fod22_6cn3,FOD22:6cn3,cis n-3 Docosahexaenoic acid (DHA) per 100g food,cis n-3 C22:6 /100g food (g),g,per_100g_food,1.12 (PUFA per 100gFood),1.12,41,1_12_pufa_per_100gfood__fod22_6cn3__cis_n_3_docosahexaenoic_acid_dha_per_100g_food
262,1_12_pufa_per_100gfood__fod22_poly,FOD22 poly,unknown polyunsaturated fatty acid per 100g food,unknown C22 poly /100g food (g),g,per_100g_food,1.12 (PUFA per 100gFood),1.12,42,1_12_pufa_per_100gfood__fod22_poly__unknown_polyunsaturated_fatty_acid_per_100g_food
263,1_12_pufa_per_100gfood__polyfodtr,POLYFODtr,trans polyunsaturated fatty acid per 100g food,trans poly /100g food (g),g,per_100g_food,1.12 (PUFA per 100gFood),1.12,43,1_12_pufa_per_100gfood__polyfodtr__trans_polyunsaturated_fatty_acid_per_100g_food
264,1_13_phytosterols__total_phyto,Total PHYTO,Total Phytosterols,Total Phytosterols (mg),mg,per_100g_food,1.13 Phytosterols,1.13,8,1_13_phytosterols__total_phyto__total_phytosterols
265,1_13_phytosterols__other_chol_and_phyto,Other CHOL and PHYTO,Other Cholesterol and Phytosterols,Other Cholesterol and Phytosterols (mg),mg,per_100g_food,1.13 Phytosterols,1.13,9,1_13_phytosterols__other_chol_and_phyto__other_cholesterol_and_phytosterols
266,1_13_phytosterols__phyto,PHYTO,Phytosterol,Phytosterol (mg),mg,per_100g_food,1.13 Phytosterols,1.13,10,1_13_phytosterols__phyto__phytosterol
267,1_13_phytosterols__bsitphyto,BSITPHYTO,Beta-sitosterol,Beta-sitosterol (mg),mg,per_100g_food,1.13 Phytosterols,1.13,11,1_13_phytosterols__bsitphyto__beta_sitosterol
268,1_13_phytosterols__brasphyto,BRASPHYTO,Brassicasterol,Brassicasterol (mg),mg,per_100g_food,1.13 Phytosterols,1.13,12,1_13_phytosterols__brasphyto__brassicasterol
269,1_13_phytosterols__camphyto,CAMPHYTO,Campesterol,Campesterol (mg),mg,per_100g_food,1.13 Phytosterols,1.13,13,1_13_phytosterols__camphyto__campesterol
270,1_13_phytosterols__d5aven,D5AVEN,Delta-5-avenasterol,Delta-5-avenasterol (mg),mg,per_100g_food,1.13 Phytosterols,1.13,14,1_13_phytosterols__d5aven__delta_5_avenasterol
271,1_13_phytosterols__d7aven,D7AVEN,Delta-7-avenasterol,Delta-7-avenasterol (mg),mg,per_100g_food,1.13 Phytosterols,1.13,15,1_13_phytosterols__d7aven__delta_7_avenasterol
272,1_13_phytosterols__d7stig,D7STIG,Delta-7-stigmastenol,Delta-7-stigmastenol (mg),mg,per_100g_food,1.13 Phytosterols,1.13,16,1_13_phytosterols__d7stig__delta_7_stigmastenol
273,1_13_phytosterols__stigphyto,STIGPHYTO,Stigmasterol,Stigmasterol (mg),mg,per_100g_food,1.13 Phytosterols,1.13,17,1_13_phytosterols__stigphyto__stigmasterol
274,1_14_organic_acids__cita,CITA,Citric acid,Citric acid (g),g,per_100g_food,1.14 Organic Acids,1.14,8,1_14_organic_acids__cita__citric_acid
275,1_14_organic_acids__mala,MALA,Malic acid,Malic acid (g),g,per_100g_food,1.14 Organic Acids,1.14,9,1_14_organic_acids__mala__malic_acid
